IPosition1,IPosition2,IPosition3,IPosition4,IPosition5,IPosition6
AFNE21.JPG,AFSA21.JPG,AFNE22.JPG,AFSA22.JPG,AFNE23.JPG,AFSA23.JPG
AMNE21.JPG,AMSA21.JPG,AMNE22.JPG,AMSA22.JPG,AMNE23.JPG,AMSA23.JPG
AFSA24.JPG,AFSA25.JPG,AFNE24.JPG,AFSA21.JPG,AFNE25.JPG,AFNE21.JPG
AMSA24.JPG,AMSA25.JPG,AMNE24.JPG,AMSA21.JPG,AMNE25.JPG,AMNE26.JPG
AFNE21.JPG,AFSA21.JPG,AFNE23.JPG,AFNE25.JPG,AFSA23.JPG,AFSA25.JPG
AMNE21.JPG,AMSA21.JPG,AMNE23.JPG,AMNE25.JPG,AMSA23.JPG,AMSA25.JPG
AFSA22.JPG,AFNE22.JPG,AFSA24.JPG,AFNE24.JPG,AFSA25.JPG,AFNE25.JPG
AMSA22.JPG,AMNE22.JPG,AMSA24.JPG,AMNE24.JPG,AMSA25.JPG,AMNE25.JPG
AFNE22.JPG,AFNE23.JPG,AFNE24.JPG,AFSA22.JPG,AFSA23.JPG,AFSA24.JPG
AMNE22.JPG,AMNE23.JPG,AMNE24.JPG,AMSA22.JPG,AMSA23.JPG,AMSA24.JPG
